<?xml version="1.0" encoding="UTF-8"?>
<project-private xmlns="http://www.netbeans.org/ns/project-private/1">
    <editor-bookmarks xmlns="http://www.netbeans.org/ns/editor-bookmarks/2" lastBookmarkId="0"/>
    <open-files xmlns="http://www.netbeans.org/ns/projectui-open-files/2">
        <group>
            <file>file:/Users/made/Documents/oop-pertemuan901/oop-pertemuan901/src/oop/pertemuan901/OopPertemuan901.java</file>
            <file>file:/Users/made/Documents/oop-pertemuan901/oop-pertemuan901/src/oop/pertemuan901/Mahasiswa.java</file>
            <file>file:/Users/made/Documents/oop-pertemuan901/oop-pertemuan901/src/oop/pertemuan901/mhsturunan.java</file>
        </group>
    </open-files>
</project-private>
